timestamp,title,price,hotness_status,item_url
2025-03-19 19:14:36,Microsoft Xbox Series S,US $299.00,Almost gone,https://www.ebay.com/itm/266190900217?_trkparms=5373%3A5000014449%7C5374%3ATech%7C5079%3A5000014449
2025-03-19 19:14:36,Apple iPhone 15 Pro 256gb ( Unlocked) US E-Sim Version. Excellent,US $674.99,Almost gone,https://www.ebay.com/itm/166613095133?_trkparms=5373%3A5000014449%7C5374%3ATech%7C5079%3A5000014449
2025-03-19 19:14:36,Google Pixel 8 Pro 128GB Factory Unlocked - Excellent,US $383.99,Almost gone,https://www.ebay.com/itm/226348022590?_trkparms=5373%3A5000014449%7C5374%3ATech%7C5079%3A5000014449
2025-03-19 19:14:36,"Seagate EXOS X16 ST14000NM005G 14TB 256MB 7200rpm 3.5"" SATA 6Gb/s Enterprise HDD",US $147.99,,https://www.ebay.com/itm/176825170520?_trkparms=5373%3A5000014449%7C5374%3ATech%7C5079%3A5000014449
2025-03-19 19:14:37,Apple iPhone 14 Pro 128GB Unlocked - Excellent,US $446.95,Almost gone,https://www.ebay.com/itm/405469724990?_trkparms=5373%3A5000014449%7C5374%3ATech%7C5079%3A5000014468
2025-03-19 19:14:37,Apple iPhone 13 128GB Unlocked - Excellent,US $291.95,,https://www.ebay.com/itm/404240045218?_trkparms=5373%3A5000014449%7C5374%3ATech%7C5079%3A5000014468
2025-03-19 19:14:37,Apple iPhone 13 128GB Unlocked - Excellent,US $301.99,,https://www.ebay.com/itm/256350256024?_trkparms=5373%3A5000014449%7C5374%3ATech%7C5079%3A5000014468
2025-03-19 19:14:37,Apple iPhone 13 Pro 256GB Unlocked - Excellent,US $402.95,,https://www.ebay.com/itm/386146593917?_trkparms=5373%3A5000014449%7C5374%3ATech%7C5079%3A5000014468
2025-03-19 19:14:37,"Lenovo LOQ 15.6"" FHD 144Hz Gaming Laptop i5-12450HX 12GB RAM 512GB SSD RTX 3050",US $599.99,Almost gone,https://www.ebay.com/itm/126480962681?_trkparms=5373%3A5000014449%7C5374%3ATech%7C5079%3A5000014452
2025-03-19 19:14:37,"Lenovo LOQ-E 15.6"" FHD 144Hz Gaming Laptop i5-12450HX 8GB RAM 512GB SSD RTX 2050",US $499.99,,https://www.ebay.com/itm/126754097392?_trkparms=5373%3A5000014449%7C5374%3ATech%7C5079%3A5000014452
2025-03-19 19:14:37,MacBook Air 15-inch 2024 M3 / 16GB RAM / 512GB SSD / 10-Core GPU / Midnight,"US $1,099.00",Almost gone,https://www.ebay.com/itm/256520205430?_trkparms=5373%3A5000014449%7C5374%3ATech%7C5079%3A5000014452
2025-03-19 19:14:37,"Microsoft R1V-00009-SG 13.5"" 8GB 512GB Surface Laptop-5 - Certified Refurbished",US $459.99,,https://www.ebay.com/itm/135463162076?_trkparms=5373%3A5000014449%7C5374%3ATech%7C5079%3A5000014452
2025-03-19 19:14:38,Celestron 93973 SkyQ Link 2 Wi-Fi Module (Black),US $109.99,,https://www.ebay.com/itm/374232972694?_trkparms=5373%3A5000014449%7C5374%3ATech%7C5079%3A5000014464
2025-03-19 19:14:38,50-in-1 + Waterproof Case for Gopro Hero 12 11 10 Action Camera Accessory Kit,US $39.99,,https://www.ebay.com/itm/116174595662?_trkparms=5373%3A5000014449%7C5374%3ATech%7C5079%3A5000014464
2025-03-19 19:14:38,"DJI Osmo Mobile SE Gimbal, 3-Axis, Portable , Foldable, Android , iPhone Gimbal",US $69.00,,https://www.ebay.com/itm/305001613153?_trkparms=5373%3A5000014449%7C5374%3ATech%7C5079%3A5000014464
2025-03-19 19:14:38,AOCHUAN Smart XE 3-Axis Smartphone Gimbal Stabilizer for iPhone Android Phones,US $49.00,Almost gone,https://www.ebay.com/itm/405047322473?_trkparms=5373%3A5000014449%7C5374%3ATech%7C5079%3A5000014464
2025-03-19 19:14:38,"Bose Solo Soundbar 2 Home Theater, Certified Refurbished",US $149.00,Almost gone,https://www.ebay.com/itm/167031735841?_trkparms=5373%3A5000014449%7C5374%3ATech%7C5079%3A5000014481
2025-03-19 19:14:38,Onn. Google TV 4K Streaming 4K UHD Resolution 2023 Brand New,US $26.00,Almost gone,https://www.ebay.com/itm/225931956556?_trkparms=5373%3A5000014449%7C5374%3ATech%7C5079%3A5000014481
2025-03-19 19:14:38,BenQ GP500 4K HDR LED Smart Home Theater Projector 1500 Lm Auto Focus 1.3x zoom,US $734.00,,https://www.ebay.com/itm/166398780476?_trkparms=5373%3A5000014449%7C5374%3ATech%7C5079%3A5000014481
2025-03-19 19:14:38,Dreamlink Dlite W - ACCESSORY OF YOUR CHOICE,US $69.86,,https://www.ebay.com/itm/254839883292?_trkparms=5373%3A5000014449%7C5374%3ATech%7C5079%3A5000014481
2025-03-19 19:14:38,"Apple iPad 9 (2021) 10.2"" 64GB 256GB Space Gray Silver WiFi or Cellular - Good",US $189.99,Almost gone,https://www.ebay.com/itm/165337813141?_trkparms=5373%3A5000014449%7C5374%3ATech%7C5079%3A5000014454
2025-03-19 19:14:38,"Samsung Galaxy Tab S8 Ultra 14.6"" 128GB X900 Wifi Only No S-Pen - Excellent",US $390.00,Almost gone,https://www.ebay.com/itm/256402595266?_trkparms=5373%3A5000014449%7C5374%3ATech%7C5079%3A5000014454
2025-03-19 19:14:39,"Samsung Galaxy Tab S8 Ultra 14.6"" 128GB X900 Wifi Only - Excellent",US $437.00,,https://www.ebay.com/itm/256728624782?_trkparms=5373%3A5000014449%7C5374%3ATech%7C5079%3A5000014454
2025-03-19 19:14:39,"Samsung Galaxy Tab S9 FE 5G SM-X518U AT&T Unlocked (Any Carrier) 10.9"" 128GB",US $274.99,,https://www.ebay.com/itm/204770375443?_trkparms=5373%3A5000014449%7C5374%3ATech%7C5079%3A5000014454
2025-03-19 19:14:39,Nintendo new 3DS LL XL Console only Various colors Used RANK A/B Region free,US $234.99,,https://www.ebay.com/itm/392605432382?_trkparms=5373%3A5000014449%7C5374%3ATech%7C5079%3A5000014470
2025-03-19 19:14:39,PS Vita PCH-2000 Sony Playstation Accessory complete Console Used (Excellent),US $174.99,Almost gone,https://www.ebay.com/itm/394111931672?_trkparms=5373%3A5000014449%7C5374%3ATech%7C5079%3A5000014470
2025-03-19 19:14:39,RULE OF ROSE ENG PS2 PAL UK BRAND NEW SEALED 505 GAMES QUALITY CECK CONTROL,US $262.14,Almost gone,https://www.ebay.com/itm/256673834870?_trkparms=5373%3A5000014449%7C5374%3ATech%7C5079%3A5000014470
2025-03-19 19:14:39,Sony PS5 Genuine Stick Module CFI-ZSM1G for DualSense Edge NEW FAST SHIPPING,US $37.50,,https://www.ebay.com/itm/126828529391?_trkparms=5373%3A5000014449%7C5374%3ATech%7C5079%3A5000014470
2025-03-19 19:14:39,Pivo Pod Silver with Remote and Travel Case - Fast Auto Tracking Phone Silver,US $49.99,Almost gone,https://www.ebay.com/itm/334638953359?_trkparms=5373%3A5000014449%7C5374%3ATech%7C5079%3A5000014474
2025-03-19 19:14:39,ORIGINAL BATTERY SAMSUNG EB-BN980ABY GALAXY NOTE 20 5G SM-N980F/DS SM-N981U OEM,US $28.30,,https://www.ebay.com/itm/135102614669?_trkparms=5373%3A5000014449%7C5374%3ATech%7C5079%3A5000014474
2025-03-19 19:14:40,Genuine / Official Apple iPhone 13 Silicone MagSafe Case / Cover - Blue Jay,US $44.13,Almost gone,https://www.ebay.com/itm/374184094391?_trkparms=5373%3A5000014449%7C5374%3ATech%7C5079%3A5000014474
2025-03-19 19:14:40,Apple AirTag Bluetooth GPS Tracker Silver MX532AM/A A2187 For iPhone & iPad,US $22.95,Almost gone,https://www.ebay.com/itm/296373153889?_trkparms=5373%3A5000014449%7C5374%3ATech%7C5079%3A5000014474
2025-03-19 19:14:40,Taramps DS 2000x4 2 Ohms 2000 Watts RMS 4-Channel 500x4 Watts RMS Class D,US $217.99,Almost gone,https://www.ebay.com/itm/354493911383?_trkparms=5373%3A5000014449%7C5374%3ATech%7C5079%3A5000014450
2025-03-19 19:14:40,WOLFBOX G840S 12”Mirror Dash Cam 4K Rear View Mirror Dash Camera Front and Rear,US $64.99,,https://www.ebay.com/itm/225914453447?_trkparms=5373%3A5000014449%7C5374%3ATech%7C5079%3A5000014450
2025-03-19 19:14:40,"REDTIGER Dash Camera 4K Front and Rear Dash Cam Built-In WiFi & GPS, App control",US $69.99,,https://www.ebay.com/itm/285933024479?_trkparms=5373%3A5000014449%7C5374%3ATech%7C5079%3A5000014450
2025-03-19 19:14:40,REDTIGER F9 4K Dash Cam Front and Rear Dash Camera WiFi GPS with Free 32GB Card,US $59.99,,https://www.ebay.com/itm/285572040505?_trkparms=5373%3A5000014449%7C5374%3ATech%7C5079%3A5000014450
2025-03-19 19:14:40,"Seagate IronWolf 12TB 7200RPM SATA 6Gb/s 256MB 3.5"" NAS Hard Drive ST12000VN0007",US $133.99,,https://www.ebay.com/itm/166672350380?_trkparms=5373%3A5000014449%7C5374%3ATech%7C5079%3A5000014456
2025-03-19 19:14:40,"Seagate IronWolf Pro 10TB 7200RPM SATA 6Gb/s 256MB 3.5"" NAS HDD - ST10000NE0004",US $128.99,,https://www.ebay.com/itm/167272951826?_trkparms=5373%3A5000014449%7C5374%3ATech%7C5079%3A5000014456
2025-03-19 19:14:41,"Seagate Exos 28TB 7.2K RPM SATA 6Gb/s 3.5"" Enterprise HDD - ST28000NM000C",US $334.99,,https://www.ebay.com/itm/296879436001?_trkparms=5373%3A5000014449%7C5374%3ATech%7C5079%3A5000014456
2025-03-19 19:14:41,MSI SPATIUM Series M482 M.2 2280 2TB PCI-Express 4.0 x4 Internal Solid State Dri,US $152.99,,https://www.ebay.com/itm/386842541654?_trkparms=5373%3A5000014449%7C5374%3ATech%7C5079%3A5000014456
2025-03-19 19:14:41,"HP OfficeJet 250 Mobile All-in-One Printer | Mobile Print, Scan, Copy | CZ992A",US $389.99,,https://www.ebay.com/itm/155769674699?_trkparms=5373%3A5000014449%7C5374%3ATech%7C5079%3A5000014472
2025-03-19 19:14:41,New Zebra ZD421 Direct Thermal Desktop Label Printer 203 dpi No Ribbon Required,US $299.00,,https://www.ebay.com/itm/116462122244?_trkparms=5373%3A5000014449%7C5374%3ATech%7C5079%3A5000014472
2025-03-19 19:14:41,New Zebra ZD421 ZD4AH42-D01E00EZ Direct Thermal Label Healthcare Printer 203 dpi,US $399.00,,https://www.ebay.com/itm/116415636410?_trkparms=5373%3A5000014449%7C5374%3ATech%7C5079%3A5000014472
2025-03-19 19:14:41,50Y0096 POS Thermal Printer Print Head for IBM SureMark 4610-1NR 4610-1ND 203dpi,US $25.31,,https://www.ebay.com/itm/133777216696?_trkparms=5373%3A5000014449%7C5374%3ATech%7C5079%3A5000014472
2025-03-19 19:14:41,Original Toner HP ColorLaserjet 4700 N DN DTN / 643A Q5950A Q5951A Q5952A Q5953A,US $108.18,,https://www.ebay.com/itm/356206193387?_trkparms=5373%3A5000014449%7C5374%3ATech%7C5079%3A5000014472
2025-03-19 19:14:41,Sony MDR-7506 Professional Studio Wired Headphone Headset,US $59.79,Almost gone,https://www.ebay.com/itm/356129102114?_trkparms=5373%3A5000014449%7C5374%3ATech%7C5079%3A5000014460
2025-03-19 19:14:41,"NEW, Apple iPod Classic 7th Generation 160GB Black( Retail box)-5 years Warranty",US $179.09,,https://www.ebay.com/itm/145942297127?_trkparms=5373%3A5000014449%7C5374%3ATech%7C5079%3A5000014460
2025-03-19 19:14:41,Sony WF-1000XM5 Truly Wireless Bluetooth Noise Canceling Headphones - Black,US $112.99,Almost gone,https://www.ebay.com/itm/276015021037?_trkparms=5373%3A5000014449%7C5374%3ATech%7C5079%3A5000014460
2025-03-19 19:14:42,Bose SoundSport Wired 3.5mm Jack Earphones Headphones Earbuds Charcoal-Black,US $29.80,Almost gone,https://www.ebay.com/itm/356129102581?_trkparms=5373%3A5000014449%7C5374%3ATech%7C5079%3A5000014460
2025-03-19 19:14:42,Canon RF 28-70mm f/2.8 IS STM Lens Canon RF,US $999.00,Almost gone,https://www.ebay.com/itm/286086611827?_trkparms=5373%3A5000014449%7C5374%3ATech%7C5079%3A5000014476
2025-03-19 19:14:42,32mm to 37mm Step Upping Cover Adapter Cover Lens Adapter Filter Camera,US $3.49,Almost gone,https://www.ebay.com/itm/394158348565?_trkparms=5373%3A5000014449%7C5374%3ATech%7C5079%3A5000014476
2025-03-19 19:14:42,Mamiya / Phaseone 645 Zoom-AF 55-110 4.5 - Top Zustand! RAR,US $545.26,,https://www.ebay.com/itm/186758103412?_trkparms=5373%3A5000014449%7C5374%3ATech%7C5079%3A5000014476
2025-03-19 19:14:42,"Lomo Smena T-43, 4/40mm, für M39 | Vintage lens",US $75.40,,https://www.ebay.com/itm/305881462174?_trkparms=5373%3A5000014449%7C5374%3ATech%7C5079%3A5000014476
2025-03-19 19:14:42,Sony MDR-7506 Professional Studio Wired Headphone Headset,US $59.79,Almost gone,https://www.ebay.com/itm/356129102114?_trkparms=5373%3A5000014449%7C5374%3ATech%7C5079%3A5000014488
2025-03-19 19:14:42,Taramps DS 2000x4 2 Ohms 2000 Watts RMS 4-Channel 500x4 Watts RMS Class D,US $217.99,Almost gone,https://www.ebay.com/itm/354493911383?_trkparms=5373%3A5000014449%7C5374%3ATech%7C5079%3A5000014488
2025-03-19 19:14:42,"NEW, Apple iPod Classic 7th Generation 160GB Black( Retail box)-5 years Warranty",US $179.09,,https://www.ebay.com/itm/145942297127?_trkparms=5373%3A5000014449%7C5374%3ATech%7C5079%3A5000014488
2025-03-19 19:14:43,"Bose Solo Soundbar 2 Home Theater, Certified Refurbished",US $149.00,Almost gone,https://www.ebay.com/itm/167031735841?_trkparms=5373%3A5000014449%7C5374%3ATech%7C5079%3A5000014488
2025-03-19 19:14:43,Otto the Rhino DVD 2012 Animated English Version BRAND-NEW Sealed 9z,US $8.88,,https://www.ebay.com/itm/176906606227?_trkparms=5373%3A5000014449%7C5374%3ATech%7C5079%3A5000014458
2025-03-19 19:14:43,4 Movie Collection Comedy Life / Roscoe Jenkins / Bulletproof / Major Payne 9z,US $11.57,,https://www.ebay.com/itm/176908198807?_trkparms=5373%3A5000014449%7C5374%3ATech%7C5079%3A5000014458
2025-03-19 19:14:43,Postman Pat-The Movie (DVD 2014) Jim Broadbent- Rupert Grint- David Tennant 9z,US $8.88,,https://www.ebay.com/itm/405628830079?_trkparms=5373%3A5000014449%7C5374%3ATech%7C5079%3A5000014458
2025-03-19 19:14:43,"Police Academy/Police Academy 2 (DVD, 2012, Widescreen) / 2 FILM COLLECTION 9z",US $8.88,,https://www.ebay.com/itm/405628887425?_trkparms=5373%3A5000014449%7C5374%3ATech%7C5079%3A5000014458
2025-03-19 19:14:43,Lenovo DK1633 40A9 ThinkPad USB-C Dock Station 40A90090US + 90W Power Supply,US $55.00,,https://www.ebay.com/itm/145072664056?_trkparms=5373%3A5000014449%7C5374%3ATech%7C5079%3A5000014478
2025-03-19 19:14:43,"Xiaomi Mi Computer Monitor Light Bar - , Extra Computer Lighting",US $29.99,,https://www.ebay.com/itm/126003498904?_trkparms=5373%3A5000014449%7C5374%3ATech%7C5079%3A5000014478
2025-03-19 19:14:43,For iPad Pro 11'' (4/3/2/1) Case | Ringke [Fusion Sketch Stand] for Drawing,US $32.99,,https://www.ebay.com/itm/266921467304?_trkparms=5373%3A5000014449%7C5374%3ATech%7C5079%3A5000014478
2025-03-19 19:14:44,For iPad Pro 11'' (M4 2024) Case | Ringke [Fusion Sketch Stand] for Drawing,US $35.99,,https://www.ebay.com/itm/256583927129?_trkparms=5373%3A5000014449%7C5374%3ATech%7C5079%3A5000014478
2025-03-19 19:14:44,Apple iPhone 14 Pro 128GB Unlocked - Excellent,US $446.95,Almost gone,https://www.ebay.com/itm/405469724990?_trkparms=5373%3A5000014449%7C5374%3ATech%7C5079%3A5000014466
2025-03-19 19:14:44,Apple iPhone 13 128GB Unlocked - Excellent,US $291.95,,https://www.ebay.com/itm/404240045218?_trkparms=5373%3A5000014449%7C5374%3ATech%7C5079%3A5000014466
2025-03-19 19:14:44,Apple iPhone 13 128GB Unlocked - Excellent,US $301.99,,https://www.ebay.com/itm/256350256024?_trkparms=5373%3A5000014449%7C5374%3ATech%7C5079%3A5000014466
2025-03-19 19:14:44,Apple iPhone 13 Pro 256GB Unlocked - Excellent,US $402.95,,https://www.ebay.com/itm/386146593917?_trkparms=5373%3A5000014449%7C5374%3ATech%7C5079%3A5000014466
2025-03-19 19:14:44,"Lenovo LOQ 15.6"" FHD 144Hz Gaming Laptop i5-12450HX 12GB RAM 512GB SSD RTX 3050",US $599.99,Almost gone,https://www.ebay.com/itm/126480962681?_trkparms=5373%3A5000014449%7C5374%3ATech%7C5079%3A5000014490
2025-03-19 19:14:44,"Seagate IronWolf 12TB 7200RPM SATA 6Gb/s 256MB 3.5"" NAS Hard Drive ST12000VN0007",US $133.99,,https://www.ebay.com/itm/166672350380?_trkparms=5373%3A5000014449%7C5374%3ATech%7C5079%3A5000014490
2025-03-19 19:14:44,Intel Xeon Gold 6254 3.1GHz 24.75MB 18-Core 200W FCLGA3647 SRF92,US $245.00,,https://www.ebay.com/itm/235898025773?_trkparms=5373%3A5000014449%7C5374%3ATech%7C5079%3A5000014490
2025-03-19 19:14:44,"Lenovo LOQ-E 15.6"" FHD 144Hz Gaming Laptop i5-12450HX 8GB RAM 512GB SSD RTX 2050",US $499.99,,https://www.ebay.com/itm/126754097392?_trkparms=5373%3A5000014449%7C5374%3ATech%7C5079%3A5000014490
2025-03-19 19:15:04,Microsoft Xbox Series S,US $299.00,Almost gone,https://www.ebay.com/itm/266190900217?_trkparms=5373%3A5000014449%7C5374%3ATech%7C5079%3A5000014449
2025-03-19 19:15:04,Apple iPhone 15 Pro 256gb ( Unlocked) US E-Sim Version. Excellent,US $674.99,Almost gone,https://www.ebay.com/itm/166613095133?_trkparms=5373%3A5000014449%7C5374%3ATech%7C5079%3A5000014449
2025-03-19 19:15:05,Google Pixel 8 Pro 128GB Factory Unlocked - Excellent,US $383.99,Almost gone,https://www.ebay.com/itm/226348022590?_trkparms=5373%3A5000014449%7C5374%3ATech%7C5079%3A5000014449
2025-03-19 19:15:05,"Seagate EXOS X16 ST14000NM005G 14TB 256MB 7200rpm 3.5"" SATA 6Gb/s Enterprise HDD",US $147.99,,https://www.ebay.com/itm/176825170520?_trkparms=5373%3A5000014449%7C5374%3ATech%7C5079%3A5000014449
2025-03-19 19:15:05,Apple iPhone 14 Pro 128GB Unlocked - Excellent,US $446.95,Almost gone,https://www.ebay.com/itm/405469724990?_trkparms=5373%3A5000014449%7C5374%3ATech%7C5079%3A5000014468
2025-03-19 19:15:05,Apple iPhone 13 128GB Unlocked - Excellent,US $291.95,,https://www.ebay.com/itm/404240045218?_trkparms=5373%3A5000014449%7C5374%3ATech%7C5079%3A5000014468
2025-03-19 19:15:05,Apple iPhone 13 128GB Unlocked - Excellent,US $301.99,,https://www.ebay.com/itm/256350256024?_trkparms=5373%3A5000014449%7C5374%3ATech%7C5079%3A5000014468
2025-03-19 19:15:05,Apple iPhone 13 Pro 256GB Unlocked - Excellent,US $402.95,,https://www.ebay.com/itm/386146593917?_trkparms=5373%3A5000014449%7C5374%3ATech%7C5079%3A5000014468
2025-03-19 19:15:05,"Lenovo LOQ 15.6"" FHD 144Hz Gaming Laptop i5-12450HX 12GB RAM 512GB SSD RTX 3050",US $599.99,Almost gone,https://www.ebay.com/itm/126480962681?_trkparms=5373%3A5000014449%7C5374%3ATech%7C5079%3A5000014452
2025-03-19 19:15:05,"Lenovo LOQ-E 15.6"" FHD 144Hz Gaming Laptop i5-12450HX 8GB RAM 512GB SSD RTX 2050",US $499.99,,https://www.ebay.com/itm/126754097392?_trkparms=5373%3A5000014449%7C5374%3ATech%7C5079%3A5000014452
2025-03-19 19:15:05,MacBook Air 15-inch 2024 M3 / 16GB RAM / 512GB SSD / 10-Core GPU / Midnight,"US $1,099.00",Almost gone,https://www.ebay.com/itm/256520205430?_trkparms=5373%3A5000014449%7C5374%3ATech%7C5079%3A5000014452
2025-03-19 19:15:06,"Microsoft R1V-00009-SG 13.5"" 8GB 512GB Surface Laptop-5 - Certified Refurbished",US $459.99,,https://www.ebay.com/itm/135463162076?_trkparms=5373%3A5000014449%7C5374%3ATech%7C5079%3A5000014452
2025-03-19 19:15:06,Celestron 93973 SkyQ Link 2 Wi-Fi Module (Black),US $109.99,,https://www.ebay.com/itm/374232972694?_trkparms=5373%3A5000014449%7C5374%3ATech%7C5079%3A5000014464
2025-03-19 19:15:06,50-in-1 + Waterproof Case for Gopro Hero 12 11 10 Action Camera Accessory Kit,US $39.99,,https://www.ebay.com/itm/116174595662?_trkparms=5373%3A5000014449%7C5374%3ATech%7C5079%3A5000014464
2025-03-19 19:15:06,"DJI Osmo Mobile SE Gimbal, 3-Axis, Portable , Foldable, Android , iPhone Gimbal",US $69.00,,https://www.ebay.com/itm/305001613153?_trkparms=5373%3A5000014449%7C5374%3ATech%7C5079%3A5000014464
2025-03-19 19:15:06,AOCHUAN Smart XE 3-Axis Smartphone Gimbal Stabilizer for iPhone Android Phones,US $49.00,Almost gone,https://www.ebay.com/itm/405047322473?_trkparms=5373%3A5000014449%7C5374%3ATech%7C5079%3A5000014464
2025-03-19 19:15:06,"Bose Solo Soundbar 2 Home Theater, Certified Refurbished",US $149.00,Almost gone,https://www.ebay.com/itm/167031735841?_trkparms=5373%3A5000014449%7C5374%3ATech%7C5079%3A5000014481
2025-03-19 19:15:06,Onn. Google TV 4K Streaming 4K UHD Resolution 2023 Brand New,US $26.00,Almost gone,https://www.ebay.com/itm/225931956556?_trkparms=5373%3A5000014449%7C5374%3ATech%7C5079%3A5000014481
2025-03-19 19:15:06,BenQ GP500 4K HDR LED Smart Home Theater Projector 1500 Lm Auto Focus 1.3x zoom,US $734.00,,https://www.ebay.com/itm/166398780476?_trkparms=5373%3A5000014449%7C5374%3ATech%7C5079%3A5000014481
2025-03-19 19:15:06,Dreamlink Dlite W - ACCESSORY OF YOUR CHOICE,US $69.86,,https://www.ebay.com/itm/254839883292?_trkparms=5373%3A5000014449%7C5374%3ATech%7C5079%3A5000014481
2025-03-19 19:15:06,"Apple iPad 9 (2021) 10.2"" 64GB 256GB Space Gray Silver WiFi or Cellular - Good",US $189.99,Almost gone,https://www.ebay.com/itm/165337813141?_trkparms=5373%3A5000014449%7C5374%3ATech%7C5079%3A5000014454
2025-03-19 19:15:07,"Samsung Galaxy Tab S8 Ultra 14.6"" 128GB X900 Wifi Only No S-Pen - Excellent",US $390.00,Almost gone,https://www.ebay.com/itm/256402595266?_trkparms=5373%3A5000014449%7C5374%3ATech%7C5079%3A5000014454
2025-03-19 19:15:07,"Samsung Galaxy Tab S8 Ultra 14.6"" 128GB X900 Wifi Only - Excellent",US $437.00,,https://www.ebay.com/itm/256728624782?_trkparms=5373%3A5000014449%7C5374%3ATech%7C5079%3A5000014454
2025-03-19 19:15:07,"Samsung Galaxy Tab S9 FE 5G SM-X518U AT&T Unlocked (Any Carrier) 10.9"" 128GB",US $274.99,,https://www.ebay.com/itm/204770375443?_trkparms=5373%3A5000014449%7C5374%3ATech%7C5079%3A5000014454
2025-03-19 19:15:07,Nintendo new 3DS LL XL Console only Various colors Used RANK A/B Region free,US $234.99,,https://www.ebay.com/itm/392605432382?_trkparms=5373%3A5000014449%7C5374%3ATech%7C5079%3A5000014470
2025-03-19 19:15:07,PS Vita PCH-2000 Sony Playstation Accessory complete Console Used (Excellent),US $174.99,Almost gone,https://www.ebay.com/itm/394111931672?_trkparms=5373%3A5000014449%7C5374%3ATech%7C5079%3A5000014470
2025-03-19 19:15:07,RULE OF ROSE ENG PS2 PAL UK BRAND NEW SEALED 505 GAMES QUALITY CECK CONTROL,US $262.14,Almost gone,https://www.ebay.com/itm/256673834870?_trkparms=5373%3A5000014449%7C5374%3ATech%7C5079%3A5000014470
2025-03-19 19:15:07,Sony PS5 Genuine Stick Module CFI-ZSM1G for DualSense Edge NEW FAST SHIPPING,US $37.50,,https://www.ebay.com/itm/126828529391?_trkparms=5373%3A5000014449%7C5374%3ATech%7C5079%3A5000014470
2025-03-19 19:15:07,Pivo Pod Silver with Remote and Travel Case - Fast Auto Tracking Phone Silver,US $49.99,Almost gone,https://www.ebay.com/itm/334638953359?_trkparms=5373%3A5000014449%7C5374%3ATech%7C5079%3A5000014474
2025-03-19 19:15:07,ORIGINAL BATTERY SAMSUNG EB-BN980ABY GALAXY NOTE 20 5G SM-N980F/DS SM-N981U OEM,US $28.30,,https://www.ebay.com/itm/135102614669?_trkparms=5373%3A5000014449%7C5374%3ATech%7C5079%3A5000014474
2025-03-19 19:15:07,Genuine / Official Apple iPhone 13 Silicone MagSafe Case / Cover - Blue Jay,US $44.13,Almost gone,https://www.ebay.com/itm/374184094391?_trkparms=5373%3A5000014449%7C5374%3ATech%7C5079%3A5000014474
2025-03-19 19:15:07,Apple AirTag Bluetooth GPS Tracker Silver MX532AM/A A2187 For iPhone & iPad,US $22.95,Almost gone,https://www.ebay.com/itm/296373153889?_trkparms=5373%3A5000014449%7C5374%3ATech%7C5079%3A5000014474
2025-03-19 19:15:08,Taramps DS 2000x4 2 Ohms 2000 Watts RMS 4-Channel 500x4 Watts RMS Class D,US $217.99,Almost gone,https://www.ebay.com/itm/354493911383?_trkparms=5373%3A5000014449%7C5374%3ATech%7C5079%3A5000014450
2025-03-19 19:15:08,WOLFBOX G840S 12”Mirror Dash Cam 4K Rear View Mirror Dash Camera Front and Rear,US $64.99,,https://www.ebay.com/itm/225914453447?_trkparms=5373%3A5000014449%7C5374%3ATech%7C5079%3A5000014450
2025-03-19 19:15:08,"REDTIGER Dash Camera 4K Front and Rear Dash Cam Built-In WiFi & GPS, App control",US $69.99,,https://www.ebay.com/itm/285933024479?_trkparms=5373%3A5000014449%7C5374%3ATech%7C5079%3A5000014450
2025-03-19 19:15:08,REDTIGER F9 4K Dash Cam Front and Rear Dash Camera WiFi GPS with Free 32GB Card,US $59.99,,https://www.ebay.com/itm/285572040505?_trkparms=5373%3A5000014449%7C5374%3ATech%7C5079%3A5000014450
2025-03-19 19:15:08,"Seagate IronWolf 12TB 7200RPM SATA 6Gb/s 256MB 3.5"" NAS Hard Drive ST12000VN0007",US $133.99,,https://www.ebay.com/itm/166672350380?_trkparms=5373%3A5000014449%7C5374%3ATech%7C5079%3A5000014456
2025-03-19 19:15:08,"Seagate IronWolf Pro 10TB 7200RPM SATA 6Gb/s 256MB 3.5"" NAS HDD - ST10000NE0004",US $128.99,,https://www.ebay.com/itm/167272951826?_trkparms=5373%3A5000014449%7C5374%3ATech%7C5079%3A5000014456
2025-03-19 19:15:08,"Seagate Exos 28TB 7.2K RPM SATA 6Gb/s 3.5"" Enterprise HDD - ST28000NM000C",US $334.99,,https://www.ebay.com/itm/296879436001?_trkparms=5373%3A5000014449%7C5374%3ATech%7C5079%3A5000014456
2025-03-19 19:15:08,MSI SPATIUM Series M482 M.2 2280 2TB PCI-Express 4.0 x4 Internal Solid State Dri,US $152.99,,https://www.ebay.com/itm/386842541654?_trkparms=5373%3A5000014449%7C5374%3ATech%7C5079%3A5000014456
2025-03-19 19:15:08,"HP OfficeJet 250 Mobile All-in-One Printer | Mobile Print, Scan, Copy | CZ992A",US $389.99,,https://www.ebay.com/itm/155769674699?_trkparms=5373%3A5000014449%7C5374%3ATech%7C5079%3A5000014472
2025-03-19 19:15:09,New Zebra ZD421 Direct Thermal Desktop Label Printer 203 dpi No Ribbon Required,US $299.00,,https://www.ebay.com/itm/116462122244?_trkparms=5373%3A5000014449%7C5374%3ATech%7C5079%3A5000014472
2025-03-19 19:15:09,New Zebra ZD421 ZD4AH42-D01E00EZ Direct Thermal Label Healthcare Printer 203 dpi,US $399.00,,https://www.ebay.com/itm/116415636410?_trkparms=5373%3A5000014449%7C5374%3ATech%7C5079%3A5000014472
2025-03-19 19:15:09,50Y0096 POS Thermal Printer Print Head for IBM SureMark 4610-1NR 4610-1ND 203dpi,US $25.31,,https://www.ebay.com/itm/133777216696?_trkparms=5373%3A5000014449%7C5374%3ATech%7C5079%3A5000014472
2025-03-19 19:15:09,Original Toner HP ColorLaserjet 4700 N DN DTN / 643A Q5950A Q5951A Q5952A Q5953A,US $108.18,,https://www.ebay.com/itm/356206193387?_trkparms=5373%3A5000014449%7C5374%3ATech%7C5079%3A5000014472
2025-03-19 19:15:09,Sony MDR-7506 Professional Studio Wired Headphone Headset,US $59.79,Almost gone,https://www.ebay.com/itm/356129102114?_trkparms=5373%3A5000014449%7C5374%3ATech%7C5079%3A5000014460
2025-03-19 19:15:09,"NEW, Apple iPod Classic 7th Generation 160GB Black( Retail box)-5 years Warranty",US $179.09,,https://www.ebay.com/itm/145942297127?_trkparms=5373%3A5000014449%7C5374%3ATech%7C5079%3A5000014460
2025-03-19 19:15:09,Sony WF-1000XM5 Truly Wireless Bluetooth Noise Canceling Headphones - Black,US $112.99,Almost gone,https://www.ebay.com/itm/276015021037?_trkparms=5373%3A5000014449%7C5374%3ATech%7C5079%3A5000014460
2025-03-19 19:15:09,Bose SoundSport Wired 3.5mm Jack Earphones Headphones Earbuds Charcoal-Black,US $29.80,Almost gone,https://www.ebay.com/itm/356129102581?_trkparms=5373%3A5000014449%7C5374%3ATech%7C5079%3A5000014460
2025-03-19 19:15:09,Canon RF 28-70mm f/2.8 IS STM Lens Canon RF,US $999.00,Almost gone,https://www.ebay.com/itm/286086611827?_trkparms=5373%3A5000014449%7C5374%3ATech%7C5079%3A5000014476
2025-03-19 19:15:09,32mm to 37mm Step Upping Cover Adapter Cover Lens Adapter Filter Camera,US $3.49,Almost gone,https://www.ebay.com/itm/394158348565?_trkparms=5373%3A5000014449%7C5374%3ATech%7C5079%3A5000014476
2025-03-19 19:15:09,Mamiya / Phaseone 645 Zoom-AF 55-110 4.5 - Top Zustand! RAR,US $545.26,,https://www.ebay.com/itm/186758103412?_trkparms=5373%3A5000014449%7C5374%3ATech%7C5079%3A5000014476
2025-03-19 19:15:09,"Lomo Smena T-43, 4/40mm, für M39 | Vintage lens",US $75.40,,https://www.ebay.com/itm/305881462174?_trkparms=5373%3A5000014449%7C5374%3ATech%7C5079%3A5000014476
2025-03-19 19:15:10,Sony MDR-7506 Professional Studio Wired Headphone Headset,US $59.79,Almost gone,https://www.ebay.com/itm/356129102114?_trkparms=5373%3A5000014449%7C5374%3ATech%7C5079%3A5000014488
2025-03-19 19:15:10,Taramps DS 2000x4 2 Ohms 2000 Watts RMS 4-Channel 500x4 Watts RMS Class D,US $217.99,Almost gone,https://www.ebay.com/itm/354493911383?_trkparms=5373%3A5000014449%7C5374%3ATech%7C5079%3A5000014488
2025-03-19 19:15:10,"NEW, Apple iPod Classic 7th Generation 160GB Black( Retail box)-5 years Warranty",US $179.09,,https://www.ebay.com/itm/145942297127?_trkparms=5373%3A5000014449%7C5374%3ATech%7C5079%3A5000014488
2025-03-19 19:15:10,"Bose Solo Soundbar 2 Home Theater, Certified Refurbished",US $149.00,Almost gone,https://www.ebay.com/itm/167031735841?_trkparms=5373%3A5000014449%7C5374%3ATech%7C5079%3A5000014488
2025-03-19 19:15:10,Otto the Rhino DVD 2012 Animated English Version BRAND-NEW Sealed 9z,US $8.88,,https://www.ebay.com/itm/176906606227?_trkparms=5373%3A5000014449%7C5374%3ATech%7C5079%3A5000014458
2025-03-19 19:15:10,4 Movie Collection Comedy Life / Roscoe Jenkins / Bulletproof / Major Payne 9z,US $11.57,,https://www.ebay.com/itm/176908198807?_trkparms=5373%3A5000014449%7C5374%3ATech%7C5079%3A5000014458
2025-03-19 19:15:10,Postman Pat-The Movie (DVD 2014) Jim Broadbent- Rupert Grint- David Tennant 9z,US $8.88,,https://www.ebay.com/itm/405628830079?_trkparms=5373%3A5000014449%7C5374%3ATech%7C5079%3A5000014458
2025-03-19 19:15:10,"Police Academy/Police Academy 2 (DVD, 2012, Widescreen) / 2 FILM COLLECTION 9z",US $8.88,,https://www.ebay.com/itm/405628887425?_trkparms=5373%3A5000014449%7C5374%3ATech%7C5079%3A5000014458
2025-03-19 19:15:10,Lenovo DK1633 40A9 ThinkPad USB-C Dock Station 40A90090US + 90W Power Supply,US $55.00,,https://www.ebay.com/itm/145072664056?_trkparms=5373%3A5000014449%7C5374%3ATech%7C5079%3A5000014478
2025-03-19 19:15:10,"Xiaomi Mi Computer Monitor Light Bar - , Extra Computer Lighting",US $29.99,,https://www.ebay.com/itm/126003498904?_trkparms=5373%3A5000014449%7C5374%3ATech%7C5079%3A5000014478
2025-03-19 19:15:10,For iPad Pro 11'' (4/3/2/1) Case | Ringke [Fusion Sketch Stand] for Drawing,US $32.99,,https://www.ebay.com/itm/266921467304?_trkparms=5373%3A5000014449%7C5374%3ATech%7C5079%3A5000014478
2025-03-19 19:15:10,For iPad Pro 11'' (M4 2024) Case | Ringke [Fusion Sketch Stand] for Drawing,US $35.99,,https://www.ebay.com/itm/256583927129?_trkparms=5373%3A5000014449%7C5374%3ATech%7C5079%3A5000014478
2025-03-19 19:15:10,Apple iPhone 14 Pro 128GB Unlocked - Excellent,US $446.95,Almost gone,https://www.ebay.com/itm/405469724990?_trkparms=5373%3A5000014449%7C5374%3ATech%7C5079%3A5000014466
2025-03-19 19:15:10,Apple iPhone 13 128GB Unlocked - Excellent,US $291.95,,https://www.ebay.com/itm/404240045218?_trkparms=5373%3A5000014449%7C5374%3ATech%7C5079%3A5000014466
2025-03-19 19:15:10,Apple iPhone 13 128GB Unlocked - Excellent,US $301.99,,https://www.ebay.com/itm/256350256024?_trkparms=5373%3A5000014449%7C5374%3ATech%7C5079%3A5000014466
2025-03-19 19:15:11,Apple iPhone 13 Pro 256GB Unlocked - Excellent,US $402.95,,https://www.ebay.com/itm/386146593917?_trkparms=5373%3A5000014449%7C5374%3ATech%7C5079%3A5000014466
2025-03-19 19:15:11,"Lenovo LOQ 15.6"" FHD 144Hz Gaming Laptop i5-12450HX 12GB RAM 512GB SSD RTX 3050",US $599.99,Almost gone,https://www.ebay.com/itm/126480962681?_trkparms=5373%3A5000014449%7C5374%3ATech%7C5079%3A5000014490
2025-03-19 19:15:11,"Seagate IronWolf 12TB 7200RPM SATA 6Gb/s 256MB 3.5"" NAS Hard Drive ST12000VN0007",US $133.99,,https://www.ebay.com/itm/166672350380?_trkparms=5373%3A5000014449%7C5374%3ATech%7C5079%3A5000014490
2025-03-19 19:15:11,Intel Xeon Gold 6254 3.1GHz 24.75MB 18-Core 200W FCLGA3647 SRF92,US $245.00,,https://www.ebay.com/itm/235898025773?_trkparms=5373%3A5000014449%7C5374%3ATech%7C5079%3A5000014490
2025-03-19 19:15:11,"Lenovo LOQ-E 15.6"" FHD 144Hz Gaming Laptop i5-12450HX 8GB RAM 512GB SSD RTX 2050",US $499.99,,https://www.ebay.com/itm/126754097392?_trkparms=5373%3A5000014449%7C5374%3ATech%7C5079%3A5000014490
